[{"val":346.3,"perc":2,"sel_perc":2},{"val":316.65,"perc":4,"sel_perc":4},{"val":301.04,"perc":6,"sel_perc":6},{"val":290.59,"perc":8,"sel_perc":8},{"val":282.56,"perc":10,"sel_perc":10},{"val":275.93,"perc":12,"sel_perc":12},{"val":270.24,"perc":14,"sel_perc":14},{"val":265.23,"perc":16,"sel_perc":16},{"val":260.71,"perc":18,"sel_perc":18},{"val":256.58,"perc":20,"sel_perc":20},{"val":252.75,"perc":22,"sel_perc":22},{"val":249.18,"perc":24,"sel_perc":24},{"val":245.83,"perc":26,"sel_perc":26},{"val":242.67,"perc":28,"sel_perc":28},{"val":239.67,"perc":30,"sel_perc":30},{"val":236.83,"perc":32,"sel_perc":32},{"val":234.12,"perc":34,"sel_perc":34},{"val":231.52,"perc":36,"sel_perc":36},{"val":229.03,"perc":38,"sel_perc":38},{"val":226.65,"perc":40,"sel_perc":40},{"val":224.36,"perc":42,"sel_perc":42},{"val":222.15,"perc":44,"sel_perc":44},{"val":220.02,"perc":46,"sel_perc":46},{"val":217.96,"perc":48,"sel_perc":48},{"val":215.97,"perc":50,"sel_perc":50},{"val":214.05,"perc":52,"sel_perc":52},{"val":212.19,"perc":54,"sel_perc":54},{"val":210.39,"perc":56,"sel_perc":56},{"val":208.66,"perc":58,"sel_perc":58},{"val":206.98,"perc":60,"sel_perc":60},{"val":205.35,"perc":62,"sel_perc":62},{"val":203.77,"perc":64,"sel_perc":64},{"val":202.23,"perc":66,"sel_perc":66},{"val":200.74,"perc":68,"sel_perc":68},{"val":199.29,"perc":70,"sel_perc":70},{"val":197.87,"perc":72,"sel_perc":72},{"val":196.48,"perc":74,"sel_perc":74},{"val":195.12,"perc":76,"sel_perc":76},{"val":193.79,"perc":78,"sel_perc":78},{"val":192.49,"perc":80,"sel_perc":80},{"val":191.22,"perc":82,"sel_perc":82},{"val":189.98,"perc":84,"sel_perc":84},{"val":188.76,"perc":86,"sel_perc":86},{"val":187.55,"perc":88,"sel_perc":88},{"val":186.34,"perc":90,"sel_perc":90},{"val":185.14,"perc":92,"sel_perc":92},{"val":183.93,"perc":94,"sel_perc":94},{"val":182.68,"perc":96,"sel_perc":96},{"val":181.29,"perc":98,"sel_perc":98},{"val":179.48,"perc":100,"sel_perc":100}]