[{"value":0.08,"sector":1,"center_degrees":30},{"value":0.1,"sector":2,"center_degrees":60},{"value":0.09,"sector":3,"center_degrees":90},{"value":0.06,"sector":4,"center_degrees":120},{"value":0.03,"sector":5,"center_degrees":150},{"value":0.02,"sector":6,"center_degrees":180},{"value":0.04,"sector":7,"center_degrees":210},{"value":0.13,"sector":8,"center_degrees":240},{"value":0.22,"sector":9,"center_degrees":270},{"value":0.11,"sector":10,"center_degrees":300},{"value":0.07,"sector":11,"center_degrees":330},{"value":0.06,"sector":12,"center_degrees":360}]