[{"val":7.23,"perc":2,"sel_perc":2},{"val":7.04,"perc":4,"sel_perc":4},{"val":6.92,"perc":6,"sel_perc":6},{"val":6.84,"perc":8,"sel_perc":8},{"val":6.77,"perc":10,"sel_perc":10},{"val":6.72,"perc":12,"sel_perc":12},{"val":6.67,"perc":14,"sel_perc":14},{"val":6.63,"perc":16,"sel_perc":16},{"val":6.59,"perc":18,"sel_perc":18},{"val":6.55,"perc":20,"sel_perc":20},{"val":6.51,"perc":22,"sel_perc":22},{"val":6.48,"perc":24,"sel_perc":24},{"val":6.45,"perc":26,"sel_perc":26},{"val":6.41,"perc":28,"sel_perc":28},{"val":6.38,"perc":30,"sel_perc":30},{"val":6.35,"perc":32,"sel_perc":32},{"val":6.33,"perc":34,"sel_perc":34},{"val":6.3,"perc":36,"sel_perc":36},{"val":6.27,"perc":38,"sel_perc":38},{"val":6.25,"perc":40,"sel_perc":40},{"val":6.22,"perc":42,"sel_perc":42},{"val":6.2,"perc":44,"sel_perc":44},{"val":6.18,"perc":46,"sel_perc":46},{"val":6.15,"perc":48,"sel_perc":48},{"val":6.13,"perc":50,"sel_perc":50},{"val":6.11,"perc":52,"sel_perc":52},{"val":6.09,"perc":54,"sel_perc":54},{"val":6.06,"perc":56,"sel_perc":56},{"val":6.04,"perc":58,"sel_perc":58},{"val":6.02,"perc":60,"sel_perc":60},{"val":6,"perc":62,"sel_perc":62},{"val":5.98,"perc":64,"sel_perc":64},{"val":5.96,"perc":66,"sel_perc":66},{"val":5.94,"perc":68,"sel_perc":68},{"val":5.92,"perc":70,"sel_perc":70},{"val":5.91,"perc":72,"sel_perc":72},{"val":5.89,"perc":74,"sel_perc":74},{"val":5.87,"perc":76,"sel_perc":76},{"val":5.85,"perc":78,"sel_perc":78},{"val":5.83,"perc":80,"sel_perc":80},{"val":5.82,"perc":82,"sel_perc":82},{"val":5.8,"perc":84,"sel_perc":84},{"val":5.78,"perc":86,"sel_perc":86},{"val":5.77,"perc":88,"sel_perc":88},{"val":5.75,"perc":90,"sel_perc":90},{"val":5.73,"perc":92,"sel_perc":92},{"val":5.72,"perc":94,"sel_perc":94},{"val":5.7,"perc":96,"sel_perc":96},{"val":5.68,"perc":98,"sel_perc":98},{"val":5.65,"perc":100,"sel_perc":100}]